mean_freq,min_freq,max_freq,count_freq,count_proj,band_min,band_max,band_mode,width
165.337,144.915,182.0,5,2,4,5,4.6,37.08500000000001
348.95125,345.945,351.93,4,2,7,7,7.0,5.985000000000014
329.9525,329.325,330.58,2,1,7,7,7.0,1.2549999999999955
134.08249999999998,133.295,134.87,2,1,4,4,4.0,1.575000000000017
340.39,338.13,342.875,4,2,7,7,7.0,4.7450000000000045
165.95833333333334,164.165,168.005,3,1,5,5,5.0,3.8400000000000034
250.5609090909091,244.245,254.53,11,4,6,6,6.0,10.284999999999997
102.378125,86.845,110.895,24,3,3,3,3.0,24.049999999999997
243.48264705882352,216.86,269.14,51,9,6,6,6.0,52.27999999999997
458.7947368421053,450.495,466.225,19,1,8,8,8.0,15.730000000000018
130.025,129.175,130.855,4,1,4,4,4.0,1.6799999999999784
676.4425,674.025,678.86,2,1,9,9,9.0,4.835000000000036
692.69,691.48,693.9,2,1,9,9,9.0,2.419999999999959
173.755,172.855,174.655,2,1,5,5,5.0,1.8000000000000114
185.745,184.845,186.645,2,1,5,5,5.0,1.8000000000000114
142.43416666666667,140.905,144.185,6,2,4,4,4.0,3.280000000000001
155.1675,154.265,156.07,2,1,4,4,4.0,1.8050000000000068
272.38,271.49,273.905,6,3,6,6,6.0,2.4149999999999636
105.18526315789474,88.465,115.29,38,4,3,3,3.0,26.825000000000003
242.36797872340426,212.015,267.645,47,6,6,6,6.0,55.629999999999995
344.0847142857143,329.325,361.9,70,9,7,7,7.0,32.57499999999999
486.5182142857143,477.45,494.08,28,7,8,8,8.0,16.629999999999995
590.35625,489.79,691.285,8,2,8,9,8.5,201.49499999999995
477.54,477.54,477.54,1,1,8,8,8.0,0.0
100.0759090909091,97.615,106.52,22,6,3,3,3.0,8.905000000000001
331.4509210526316,329.33,333.94,38,13,7,7,7.0,4.610000000000014
98.68307692307692,85.355,115.28,39,7,3,3,3.0,29.924999999999997
230.85994845360827,214.965,260.195,97,13,6,6,6.0,45.22999999999999
337.6835454545455,293.875,345.825,55,13,7,7,7.0,51.94999999999999
88.14,86.765,89.105,3,1,3,3,3.0,2.3400000000000034
329.88,328.88,330.88,2,1,7,7,7.0,2.0
213.1,213.095,213.105,2,2,6,6,6.0,0.009999999999990905
227.1,227.095,227.105,2,2,6,6,6.0,0.009999999999990905
98.52285714285713,96.41,101.005,7,2,3,3,3.0,4.594999999999999
216.38083333333336,215.095,217.49,6,5,6,6,6.0,2.3950000000000102
355.4708333333333,355.09,357.225,6,2,7,7,7.0,2.1350000000000477
111.019,109.775,115.16,5,2,3,3,3.0,5.384999999999991
226.24241379310345,218.135,231.49,29,12,6,6,6.0,13.355000000000018
344.85083333333336,340.925,345.815,12,6,7,7,7.0,4.889999999999986
344.315,342.425,346.075,4,3,7,7,7.0,3.6499999999999773
147.64,146.735,148.545,2,1,4,4,4.0,1.8099999999999739
254.9908333333333,250.205,260.13,6,2,6,6,6.0,9.924999999999983
136.0575,135.425,136.69,2,1,4,4,4.0,1.2649999999999864
154.85750000000002,153.74,155.975,4,1,4,4,4.0,2.234999999999985
328.81916666666666,327.26,330.125,6,1,7,7,7.0,2.865000000000009
142.73,141.885,143.575,4,1,4,4,4.0,1.6899999999999977
203.03750000000002,202.025,204.05,2,1,5,5,5.0,2.0250000000000057
102.20938775510204,85.025,115.265,147,20,3,3,3.0,30.239999999999995
226.93961206896552,215.88,246.005,116,17,6,6,6.0,30.125
226.702,160.605,463.085,5,2,5,8,5.6,302.48
654.3875,647.555,661.22,2,1,9,9,9.0,13.665000000000077
98.355,85.25,114.705,102,12,3,3,3.0,29.455
149.43911111111112,133.395,162.215,45,6,4,4,4.0,28.819999999999993
248.89752100840337,215.225,273.955,119,12,6,6,6.0,58.72999999999999
306.53027777777777,277.745,354.69,18,4,7,7,7.0,76.945
99.86125,96.41,105.5,8,3,3,3,3.0,9.090000000000003
260.18525,254.825,265.885,20,3,6,6,6.0,11.060000000000002
333.5910714285714,330.615,337.755,14,6,7,7,7.0,7.139999999999986
245.59923076923076,239.595,251.525,26,4,6,6,6.0,11.930000000000007
87.37666666666667,84.54,93.17,18,4,3,3,3.0,8.629999999999995
355.20214285714286,353.705,356.995,21,5,7,7,7.0,3.2900000000000205
231.71877777777777,227.095,235.145,90,27,6,6,6.0,8.050000000000011
218.6511440677966,213.095,224.75,118,26,6,6,6.0,11.655000000000001
344.99397435897436,342.365,349.75,39,11,7,7,7.0,7.384999999999991
661.545,661.545,661.545,1,1,9,9,9.0,0.0
264.79,261.725,267.855,2,1,6,6,6.0,6.1299999999999955
322.4066666666667,319.62,325.145,3,2,7,7,7.0,5.524999999999977
649.3125,647.685,650.94,2,1,9,9,9.0,3.255000000000109
138.4075,137.47,139.345,2,1,4,4,4.0,1.875
354.7125,352.8,356.73,4,2,7,7,7.0,3.930000000000007
172.558125,165.48,179.19,8,3,5,5,5.0,13.710000000000008
93.43040816326531,84.205,115.33,49,5,3,3,3.0,31.125
152.4525,149.595,154.345,6,2,4,4,4.0,4.75
192.53970588235296,183.305,203.405,17,3,5,5,5.0,20.099999999999994
232.98499999999999,218.465,247.435,7,3,6,6,6.0,28.97
336.8315,310.995,347.32,20,5,7,7,7.0,36.32499999999999
423.53136363636366,416.16,431.78,22,1,8,8,8.0,15.619999999999948
183.305,183.305,183.305,1,1,5,5,5.0,0.0
193.505,193.505,193.505,1,1,5,5,5.0,0.0
97.625625,85.025,110.245,16,1,3,3,3.0,25.22
140.563125,131.69,149.435,8,1,4,4,4.0,17.745000000000005
230.9787837837838,217.435,267.53,74,11,6,6,6.0,50.09499999999997
348.49482456140356,276.875,372.63,57,10,7,7,7.0,95.755
438.875,391.07,476.585,11,3,8,8,8.0,85.51499999999999
885.89125,878.23,897.5,8,1,10,10,10.0,19.269999999999982
402.03458333333333,128.995,631.99,12,3,4,9,7.0,502.995
711.0699999999999,708.8,713.34,2,1,9,9,9.0,4.540000000000077
692.76,691.47,694.05,2,1,9,9,9.0,2.5799999999999272
439.69,438.39,440.99,2,1,8,8,8.0,2.6000000000000227
322.395,321.395,323.395,2,1,7,7,7.0,2.0
476.5683333333333,474.39,478.625,3,2,8,8,8.0,4.235000000000014
487.92125,483.99,492.155,4,2,8,8,8.0,8.164999999999964
497.44,496.69,498.19,2,1,8,8,8.0,1.5
96.38071428571428,85.71,114.76,49,9,3,3,3.0,29.05000000000001
230.53243386243386,214.795,268.605,189,27,6,6,6.0,53.81000000000003
341.808537414966,287.885,359.135,147,27,7,7,7.0,71.25
617.718125,177.335,856.215,8,4,5,10,8.375,678.88
869.35,866.385,872.285,4,1,10,10,10.0,5.899999999999977
316.145,315.235,317.905,4,2,7,7,7.0,2.669999999999959
303.7364285714285,301.81,307.415,7,4,7,7,7.0,5.605000000000018
167.20357142857142,165.345,168.655,7,2,5,5,5.0,3.3100000000000023
146.57445945945946,127.505,161.965,37,6,4,4,4.0,34.46000000000001
42.8325,37.595,48.025,8,1,1,1,1.0,10.43
98.27743617021275,85.01,115.27,470,68,3,3,3.0,30.25999999999999
197.73055555555555,186.455,209.125,18,1,5,5,5.0,22.669999999999987
230.95989463601532,212.19,271.265,522,74,6,6,6.0,59.07499999999999
334.8528523489933,277.0,372.665,149,31,7,7,7.0,95.66500000000002
294.30384615384617,113.47,483.375,13,5,3,8,6.076923076923077,369.905
470.38,469.435,471.325,2,1,8,8,8.0,1.8899999999999864
490.815,489.885,491.745,2,1,8,8,8.0,1.8600000000000136
478.68,477.865,479.495,2,1,8,8,8.0,1.6299999999999955
497.195,497.195,497.195,2,1,8,8,8.0,0.0
485.085,485.085,485.085,2,1,8,8,8.0,0.0
495.255,495.255,495.255,2,1,8,8,8.0,0.0
360.5090909090909,345.815,372.63,11,3,7,7,7.0,26.814999999999998
713.35,713.35,713.35,1,1,9,9,9.0,0.0
102.83720116618076,85.12,115.275,343,45,3,3,3.0,30.155
141.37144736842106,126.035,158.505,38,9,4,4,4.0,32.47
193.0979166666667,177.49,209.885,12,2,5,5,5.0,32.39499999999998
231.00439330543935,212.145,272.82,239,31,6,6,6.0,60.67499999999998
338.10596491228074,277.01,364.165,114,22,7,7,7.0,87.15500000000003
483.6562837837838,456.63,492.165,74,16,8,8,8.0,35.535000000000025
682.0072222222223,672.35,691.475,9,2,9,9,9.0,19.125
814.824375,805.96,823.67,8,2,10,10,10.0,17.709999999999923
204.20125000000002,203.34,205.045,4,1,5,5,5.0,1.704999999999984
295.33,294.395,296.265,2,1,7,7,7.0,1.8700000000000045
306.455,302.4,309.34,3,2,7,7,7.0,6.939999999999998
708.875,706.165,711.585,4,1,9,9,9.0,5.420000000000073
283.33,282.395,284.265,2,1,7,7,7.0,1.8700000000000045
463.72166666666664,458.76,468.97,6,3,8,8,8.0,10.210000000000036
331.04200000000003,330.41,331.91,5,3,7,7,7.0,1.5
130.03357142857143,126.1,134.365,14,7,4,4,4.0,8.265000000000015
99.38131696428572,84.565,115.27,224,39,3,3,3.0,30.705
148.27388888888888,136.68,161.99,81,15,4,4,4.0,25.310000000000002
241.40912790697675,216.115,273.905,172,25,6,6,6.0,57.789999999999964
348.1885576923077,336.6,365.295,52,8,7,7,7.0,28.694999999999993
485.4707608695652,474.735,492.28,46,8,8,8,8.0,17.54499999999996
688.39375,682.615,694.175,16,1,9,9,9.0,11.559999999999945
231.71666666666667,223.305,236.06,3,2,6,6,6.0,12.754999999999995
89.275,88.275,90.275,2,1,3,3,3.0,2.0
262.08,261.26,262.9,2,1,6,6,6.0,1.6399999999999864
227.90166666666664,226.305,229.7,3,2,6,6,6.0,3.394999999999982
217.01,212.995,220.395,5,2,6,6,6.0,7.400000000000006
338.83625,336.795,340.255,4,2,7,7,7.0,3.4599999999999795
356.9369230769231,354.47,360.3,13,3,7,7,7.0,5.829999999999984
102.77166666666668,95.785,110.115,18,5,3,3,3.0,14.329999999999998
326.34763157894736,290.035,351.495,38,5,7,7,7.0,61.45999999999998
277.7,275.84,279.985,7,2,7,7,7.0,4.145000000000039
174.09375,172.69,175.5,4,1,5,5,5.0,2.8100000000000023
102.035,101.065,103.005,2,1,3,3,3.0,1.9399999999999977
179.79500000000002,179.29,180.3,2,1,5,5,5.0,1.0100000000000193
157.73,157.195,158.265,2,1,4,4,4.0,1.0699999999999932
286.3,282.44,289.72,6,3,7,7,7.0,7.28000000000003
191.7875,191.29,192.285,2,1,5,5,5.0,0.9950000000000045
242.85666666666665,239.125,244.94,6,4,6,6,6.0,5.814999999999998
298.856,295.39,301.72,5,3,7,7,7.0,6.330000000000041
141.2924074074074,128.315,151.295,27,7,4,4,4.0,22.97999999999999
246.8098936170213,213.765,272.84,47,10,6,6,6.0,59.07499999999999
347.2425,332.255,364.625,54,10,7,7,7.0,32.370000000000005
164.133125,143.95,184.67,8,2,4,5,4.5,40.72
659.5425,658.01,661.075,2,1,9,9,9.0,3.0650000000000546
645.0274999999999,643.62,646.435,2,1,9,9,9.0,2.814999999999941
890.9621875,874.815,906.795,16,2,10,10,10.0,31.979999999999905
193.9925,193.99,193.995,2,1,5,5,5.0,0.0049999999999954525
353.71625,352.605,354.395,8,1,7,7,7.0,1.7899999999999636
156.89625,155.9,157.89,4,1,4,4,4.0,1.9899999999999807
102.2054,85.015,114.89,100,10,3,3,3.0,29.875
249.12423076923076,217.09,273.915,104,17,6,6,6.0,56.82500000000002
340.24385964912284,330.59,347.33,57,7,7,7,7.0,16.74000000000001
690.525,675.695,705.02,20,2,9,9,9.0,29.324999999999932
682.22,682.22,682.22,1,1,9,9,9.0,0.0
315.775,315.775,315.775,1,1,7,7,7.0,0.0
493.935,493.025,494.845,2,1,8,8,8.0,1.82000000000005
418.07500000000005,417.165,418.985,2,1,8,8,8.0,1.8199999999999932
431.61,428.605,434.615,4,1,8,8,8.0,6.009999999999991
280.98,277.935,283.58,4,2,7,7,7.0,5.644999999999982
356.18611111111113,349.635,363.5,9,4,7,7,7.0,13.865000000000009
399.845,398.935,400.755,2,1,8,8,8.0,1.8199999999999932
101.1077108433735,85.045,115.125,249,38,3,3,3.0,30.08
144.955,128.64,161.73,73,16,4,4,4.0,33.09
242.02364197530866,217.995,270.76,81,15,6,6,6.0,52.764999999999986
307.7238,289.005,345.755,25,7,7,7,7.0,56.75
464.03499999999997,441.525,482.285,26,5,8,8,8.0,40.76000000000005
151.59,150.51,153.46,4,1,4,4,4.0,2.950000000000017
140.68125,139.76,141.84,4,1,4,4,4.0,2.0800000000000125
358.076,355.295,360.16,5,2,7,7,7.0,4.865000000000009
306.3075,305.365,308.425,4,2,7,7,7.0,3.0600000000000023
217.66882352941175,214.375,221.885,17,6,6,6,6.0,7.509999999999991
111.3192391304348,107.75,115.18,46,15,3,3,3.0,7.430000000000007
318.755,317.905,319.605,2,1,7,7,7.0,1.7000000000000455
243.50295454545457,237.925,247.335,22,8,6,6,6.0,9.409999999999997
93.68056962025317,84.53,102.9,79,12,3,3,3.0,18.370000000000005
236.3902,224.865,262.005,50,17,6,6,6.0,37.139999999999986
345.89819444444447,330.305,372.865,36,11,7,7,7.0,42.56
675.76,674.01,677.51,2,1,9,9,9.0,3.5
689.87,688.27,691.47,2,1,9,9,9.0,3.2000000000000455
411.03,410.05,412.01,2,1,8,8,8.0,1.9599999999999795
266.71500000000003,265.88,267.55,2,1,6,6,6.0,1.670000000000016
93.525,90.6,97.615,8,4,3,3,3.0,7.015000000000001
399.0,398.05,399.95,2,1,8,8,8.0,1.8999999999999773
489.75875,489.74,489.8,4,1,8,8,8.0,0.060000000000002274
106.76833333333333,102.6,110.2,12,5,3,3,3.0,7.6000000000000085
225.42038235294115,212.53,255.55,170,43,6,6,6.0,43.02000000000001
341.0039383561644,329.32,357.895,146,41,7,7,7.0,28.57499999999999
492.90769230769234,492.15,494.115,13,2,8,8,8.0,1.9650000000000318
334.5783333333333,331.13,338.375,6,3,7,7,7.0,7.2450000000000045
260.17,259.005,261.255,3,1,6,6,6.0,2.25
151.01625,150.025,152.025,4,1,4,4,4.0,2.0
136.59291666666667,128.545,142.355,12,2,4,4,4.0,13.810000000000002
356.42357142857145,355.22,357.99,7,3,7,7,7.0,2.769999999999982
345.98133333333334,343.13,350.435,15,7,7,7,7.0,7.305000000000007
111.76724999999999,105.89,115.275,20,7,3,3,3.0,9.385000000000005
91.82309523809525,84.745,102.975,42,10,3,3,3.0,18.22999999999999
223.6899642857143,213.075,246.4,140,24,6,6,6.0,33.32500000000002
173.51999999999998,172.67,174.39,3,1,5,5,5.0,1.7199999999999989
688.4475,685.43,691.465,2,1,9,9,9.0,6.035000000000082
154.5275,154.215,154.885,4,1,4,4,4.0,0.6699999999999875
143.89076923076922,138.18,150.495,13,2,4,4,4.0,12.314999999999998
250.4525,239.755,267.565,44,9,6,6,6.0,27.810000000000002
186.107,185.44,187.39,5,1,5,5,5.0,1.9499999999999886
491.84916666666663,489.74,493.98,6,3,8,8,8.0,4.240000000000009
333.5882,329.32,337.39,25,8,7,7,7.0,8.069999999999993
100.04558252427184,85.68,115.275,103,10,3,3,3.0,29.595
223.37682965299686,213.01,236.455,317,41,6,6,6.0,23.44500000000002
353.48823529411766,341.485,372.865,85,18,7,7,7.0,31.379999999999995
479.9971428571429,477.49,481.905,7,3,8,8,8.0,4.414999999999964
188.96666666666667,153.81,259.8,6,2,4,6,4.666666666666667,105.99000000000001
219.45666666666668,218.285,220.46,3,1,6,6,6.0,2.1750000000000114
230.84045454545455,225.58,236.13,11,3,6,6,6.0,10.549999999999983
100.53055555555555,97.98,103.76,9,3,3,3,3.0,5.780000000000001
343.795,338.895,347.07,12,4,7,7,7.0,8.175000000000011
144.6125,144.61,144.615,2,1,4,4,4.0,0.0049999999999954525
243.88250000000002,240.255,249.955,12,3,6,6,6.0,9.700000000000017
107.99000000000001,107.865,108.22,3,1,3,3,3.0,0.355000000000004
95.62271186440678,84.43,115.305,59,11,3,3,3.0,30.875
354.191875,350.69,359.115,16,5,7,7,7.0,8.425000000000011
460.28900000000004,458.61,462.055,10,1,8,8,8.0,3.444999999999993
579.853125,492.15,691.48,8,5,8,9,8.5,199.33000000000004
103.4375,102.5,104.375,2,1,3,3,3.0,1.875
482.125,482.125,482.125,1,1,8,8,8.0,0.0
268.7375,267.54,269.935,2,1,6,6,6.0,2.394999999999982
337.23249999999996,337.065,337.4,2,1,7,7,7.0,0.33499999999997954
280.60875,279.505,281.71,4,1,7,7,7.0,2.204999999999984
94.14142857142858,90.5,96.74,7,3,3,3,3.0,6.239999999999995
250.84499999999997,250.315,251.83,5,1,6,6,6.0,1.5150000000000148
109.0425,108.735,109.27,6,2,3,3,3.0,0.5349999999999966
147.74857142857144,140.3,155.505,14,1,4,4,4.0,15.204999999999984
176.53041666666664,174.95,178.2,12,2,5,5,5.0,3.25
233.29132352941176,216.11,261.25,136,20,6,6,6.0,45.139999999999986
333.6330263157895,291.895,356.725,38,12,7,7,7.0,64.83000000000004
814.7049999999999,806.29,823.12,8,1,10,10,10.0,16.83000000000004
135.305,134.01,136.545,4,2,4,4,4.0,2.5349999999999966
336.008,334.16,337.065,5,2,7,7,7.0,2.9049999999999727
460.3725,459.7,461.045,2,1,8,8,8.0,1.3450000000000273
154.81166666666667,154.215,156.0,3,2,4,4,4.0,1.7849999999999966
257.4,253.96,261.275,20,6,6,6,6.0,7.314999999999969
242.4484,238.22,248.0,25,7,6,6,6.0,9.780000000000001
268.48625,265.875,271.97,16,4,6,6,6.0,6.095000000000027
94.00854838709678,85.45,115.32,341,48,3,3,3.0,29.86999999999999
145.789375,143.61,147.555,8,4,4,4,4.0,3.944999999999993
224.5190648854962,215.2,234.975,262,33,6,6,6.0,19.775000000000006
327.9816814159292,275.845,372.67,113,18,7,7,7.0,96.82499999999999
133.48250000000002,132.55,134.415,2,1,4,4,4.0,1.8649999999999807
156.0375,152.935,159.115,4,2,4,4,4.0,6.180000000000007
305.1075,304.12,306.095,2,1,7,7,7.0,1.9750000000000227
298.54999999999995,297.58,299.52,2,1,7,7,7.0,1.9399999999999977
89.43,85.495,93.285,6,2,3,3,3.0,7.789999999999992
317.1125,316.17,318.055,2,1,7,7,7.0,1.884999999999991
102.52499999999999,100.905,105.285,6,2,3,3,3.0,4.3799999999999955
108.64618421052633,96.165,115.29,38,8,3,3,3.0,19.125
144.42333333333332,140.935,146.925,6,2,4,4,4.0,5.990000000000009
224.46892857142856,217.04,231.17,42,5,6,6,6.0,14.129999999999995
344.75714285714287,285.515,355.285,21,4,7,7,7.0,69.77000000000004
242.6325,241.0,243.87,8,2,6,6,6.0,2.8700000000000045
425.86999999999995,320.63,479.415,6,3,7,8,7.666666666666667,158.78500000000003
212.95,212.05,213.85,2,1,6,6,6.0,1.799999999999983
109.72916666666667,105.29,114.95,6,2,3,3,3.0,9.659999999999997
242.74,240.515,244.705,4,2,6,6,6.0,4.190000000000026
483.8075,483.745,483.87,2,1,8,8,8.0,0.125
490.65,489.6,491.46,4,2,8,8,8.0,1.8599999999999568
339.9066666666667,339.47,340.245,3,1,7,7,7.0,0.7749999999999773
92.90295454545455,85.275,99.27,22,4,3,3,3.0,13.99499999999999
141.179375,133.795,146.97,8,1,4,4,4.0,13.175000000000011
245.49166666666665,217.845,268.135,42,7,6,6,6.0,50.28999999999999
350.92970588235295,342.88,357.205,17,3,7,7,7.0,14.324999999999989
136.465,136.465,136.465,1,1,4,4,4.0,0.0
355.04125,352.63,357.51,4,1,7,7,7.0,4.8799999999999955
146.265,145.56,146.97,2,1,4,4,4.0,1.4099999999999966
343.118,340.59,345.465,5,1,7,7,7.0,4.875
619.40875,612.455,625.95,4,1,9,9,9.0,13.495000000000005
90.945,90.91,90.98,2,1,3,3,3.0,0.07000000000000739
154.923,153.135,156.66,5,1,4,4,4.0,3.5250000000000057
93.68566666666668,86.255,100.275,30,7,3,3,3.0,14.02000000000001
222.0284375,213.075,234.075,48,9,6,6,6.0,21.0
356.4973684210526,349.425,363.785,19,1,7,7,7.0,14.360000000000014
536.9965,330.54,695.01,10,3,7,9,8.2,364.46999999999997
90.5425,88.625,93.16,4,1,3,3,3.0,4.534999999999997
252.14375,250.69,253.665,4,1,6,6,6.0,2.9749999999999943
100.6809090909091,97.975,104.605,11,5,3,3,3.0,6.63000000000001
244.0,241.985,246.59,6,3,6,6,6.0,4.60499999999999
226.45300000000003,224.64,227.985,5,2,6,6,6.0,3.3450000000000273
86.228,85.64,86.845,10,3,3,3,3.0,1.2049999999999983
356.9675,356.015,357.935,6,3,7,7,7.0,1.920000000000016
113.38035714285715,112.685,114.56,14,5,3,3,3.0,1.875
135.46214285714285,130.71,140.86,7,1,4,4,4.0,10.150000000000006
227.3377102803738,212.505,268.13,107,17,6,6,6.0,55.625
345.106875,343.935,345.83,8,4,7,7,7.0,1.8949999999999818
297.85,284.605,311.095,4,1,7,7,7.0,26.49000000000001
331.0025,330.295,331.71,2,1,7,7,7.0,1.4149999999999636
130.49,129.575,131.405,2,1,4,4,4.0,1.8300000000000125
213.425,212.595,214.59,4,2,6,6,6.0,1.9950000000000045
249.18535714285713,240.58,255.385,14,5,6,6,6.0,14.804999999999978
114.675,113.135,115.285,4,3,3,3,3.0,2.1499999999999915
142.3625,141.445,143.28,2,1,4,4,4.0,1.835000000000008
97.891,85.105,111.205,45,6,3,3,3.0,26.099999999999994
224.20445945945949,216.91,235.35,37,9,6,6,6.0,18.439999999999998
354.379,343.695,369.505,5,3,7,7,7.0,25.810000000000002
265.4315,261.69,271.385,10,2,6,6,6.0,9.694999999999993
346.27375,338.195,351.76,4,2,7,7,7.0,13.564999999999998
691.44,691.44,691.44,1,1,9,9,9.0,0.0
92.7333870967742,85.895,111.025,31,4,3,3,3.0,25.13000000000001
142.3875581395349,129.665,159.96,43,4,4,4,4.0,30.295000000000016
236.55353146853147,213.12,264.27,143,14,6,6,6.0,51.14999999999998
683.1016666666666,645.525,713.31,6,1,9,9,9.0,67.78499999999997
818.491875,807.515,829.47,8,1,10,10,10.0,21.95500000000004
484.62874999999997,477.62,491.505,4,1,8,8,8.0,13.884999999999991
181.4325,176.525,186.34,2,1,5,5,5.0,9.814999999999998
95.6265,88.26,101.695,10,2,3,3,3.0,13.434999999999988
245.7922641509434,214.37,271.975,53,8,6,6,6.0,57.60500000000002
326.92371212121213,294.995,363.77,66,7,7,7,7.0,68.77499999999998
372.535,372.405,372.665,4,1,7,7,7.0,0.26000000000004775
692.3875,689.97,694.97,4,1,9,9,9.0,5.0
90.61071428571428,86.005,93.17,7,3,3,3,3.0,7.165000000000006
364.7275,364.725,364.73,2,1,7,7,7.0,0.0049999999999954525
358.24142857142857,356.73,360.155,7,2,7,7,7.0,3.4249999999999545
396.15250000000003,396.11,396.195,2,1,8,8,8.0,0.08499999999997954
113.252,109.895,114.76,15,3,3,3,3.0,4.865000000000009
101.54020833333334,97.815,104.81,24,4,3,3,3.0,6.9950000000000045
134.12057692307692,127.95,140.98,26,1,4,4,4.0,13.029999999999987
239.25566666666666,216.11,267.55,30,5,6,6,6.0,51.44
332.5721666666667,307.105,346.52,30,3,7,7,7.0,39.414999999999964
871.593125,861.065,882.12,8,1,10,10,10.0,21.05499999999995
307.27666666666664,305.005,309.89,3,2,7,7,7.0,4.884999999999991
279.49,278.59,280.39,2,1,7,7,7.0,1.8000000000000114
332.85,331.95,333.75,2,1,7,7,7.0,1.8000000000000114
160.58999999999997,159.765,161.415,2,1,5,5,5.0,1.6500000000000057
129.73416666666665,127.205,133.105,6,1,4,4,4.0,5.8999999999999915
152.70000000000002,150.485,154.895,4,1,4,4,4.0,4.409999999999997
105.72836363636364,85.935,115.27,55,9,3,3,3.0,29.334999999999994
141.3265,138.485,145.145,10,1,4,4,4.0,6.659999999999997
173.3879411764706,166.12,183.31,17,2,5,5,5.0,17.189999999999998
231.70626865671642,212.105,261.84,67,10,6,6,6.0,49.734999999999985
350.07712962962967,340.105,359.295,54,8,7,7,7.0,19.189999999999998
294.795,290.66,299.845,6,3,7,7,7.0,9.185000000000002
305.57416666666666,126.145,626.47,12,4,4,9,6.083333333333333,500.32500000000005
293.4225,292.485,294.36,2,1,7,7,7.0,1.875
177.25,177.24,177.26,2,1,5,5,5.0,0.01999999999998181
219.97,219.55,220.39,2,1,6,6,6.0,0.839999999999975
193.3,193.295,193.305,2,1,5,5,5.0,0.010000000000019327
109.88833333333332,109.58,110.5,3,1,3,3,3.0,0.9200000000000017
322.6485714285714,320.795,325.125,7,3,7,7,7.0,4.329999999999984
107.69326086956522,99.4,115.28,23,3,3,3,3.0,15.879999999999995
189.925,172.675,203.41,20,4,5,5,5.0,30.734999999999985
235.89295454545456,223.125,257.0,44,5,6,6,6.0,33.875
335.058,332.795,337.035,5,3,7,7,7.0,4.240000000000009
608.4833333333333,607.17,609.95,6,1,9,9,9.0,2.7800000000000864
390.3775,389.675,391.08,4,1,8,8,8.0,1.4049999999999727
145.4425,143.0,147.895,4,2,4,4,4.0,4.89500000000001
355.81666666666666,354.495,356.49,3,1,7,7,7.0,1.9950000000000045
282.32416666666666,279.495,288.15,6,2,7,7,7.0,8.654999999999973
133.395,130.885,135.895,4,2,4,4,4.0,5.010000000000019
244.63,241.595,248.5,6,4,6,6,6.0,6.905000000000001
293.89,293.885,293.895,2,1,7,7,7.0,0.009999999999990905
88.67125,85.435,92.475,8,3,3,3,3.0,7.039999999999992
104.08076923076922,97.435,114.125,13,4,3,3,3.0,16.689999999999998
186.83095238095237,160.01,209.98,21,1,5,5,5.0,49.97
228.61319444444447,216.11,261.03,36,10,6,6,6.0,44.91999999999996
338.7963953488372,321.215,348.1,43,7,7,7,7.0,26.885000000000048
169.3525,164.265,174.44,2,1,5,5,5.0,10.175000000000011
97.52414893617022,85.87,113.725,47,7,3,3,3.0,27.85499999999999
140.2825,126.705,146.97,14,4,4,4,4.0,20.265
199.2425,191.215,207.375,8,1,5,5,5.0,16.159999999999997
226.6123125,211.21,247.0,80,16,6,6,6.0,35.78999999999999
325.57485294117646,283.325,349.065,34,5,7,7,7.0,65.74000000000001
172.7775,170.875,174.68,2,1,5,5,5.0,3.805000000000007
363.39,362.705,364.075,2,1,7,7,7.0,1.3700000000000045
87.7475,85.655,89.285,4,2,3,3,3.0,3.6299999999999955
97.27687499999999,94.315,102.1,8,4,3,3,3.0,7.784999999999997
110.435625,106.26,114.1,8,4,3,3,3.0,7.839999999999989
350.36500000000007,347.675,351.74,7,3,7,7,7.0,4.064999999999998
186.11375,185.615,186.595,4,1,5,5,5.0,0.9799999999999898
245.0771590909091,217.07,262.99,132,13,6,6,6.0,45.920000000000016
338.5,337.005,340.69,5,3,7,7,7.0,3.6850000000000023
288.87,288.87,288.87,1,1,7,7,7.0,0.0
94.52379310344828,85.025,106.905,29,3,3,3,3.0,21.879999999999995
138.24875,131.39,145.075,8,2,4,4,4.0,13.685000000000002
186.93824999999998,163.305,209.265,20,2,5,5,5.0,45.95999999999998
242.4792857142857,225.775,263.175,7,2,6,6,6.0,37.400000000000006
351.75416666666666,316.95,372.67,12,3,7,7,7.0,55.72000000000003
372.52,372.395,372.645,2,1,7,7,7.0,0.25
694.965,691.99,697.94,2,1,9,9,9.0,5.9500000000000455
611.54,611.54,611.54,1,1,9,9,9.0,0.0
710.3775,708.775,711.98,2,1,9,9,9.0,3.205000000000041
316.29,312.41,322.1,8,4,7,7,7.0,9.689999999999998
624.0033333333333,621.13,625.91,3,1,9,9,9.0,4.779999999999973
132.305,131.615,133.395,4,1,4,4,4.0,1.7800000000000011
99.97582733812949,84.73,113.49,139,16,3,3,3.0,28.75999999999999
150.99075,142.9,160.2,60,6,4,4,4.0,17.299999999999983
188.465,168.795,204.47,37,3,5,5,5.0,35.67500000000001
239.68144,216.38,274.755,250,24,6,6,6.0,58.375
338.83069620253167,278.6,365.37,237,26,7,7,7.0,86.76999999999998
490.955,489.735,492.175,8,1,8,8,8.0,2.4399999999999977
478.6458333333333,477.68,479.61,6,1,8,8,8.0,1.9300000000000068
263.50666666666666,164.175,461.05,3,2,5,8,6.0,296.875
248.03,247.005,249.055,2,1,6,6,6.0,2.0500000000000114
232.975,231.505,234.445,2,1,6,6,6.0,2.9399999999999977
199.55,198.605,200.495,2,1,5,5,5.0,1.8900000000000148
187.55,186.605,188.495,2,1,5,5,5.0,1.8900000000000148
175.48000000000002,174.875,176.085,2,1,5,5,5.0,1.210000000000008
290.754,288.135,293.91,10,3,7,7,7.0,5.775000000000034
338.506,314.115,355.205,5,3,7,7,7.0,41.089999999999975
39.58875,36.08,43.105,8,1,1,1,1.0,7.024999999999999
98.86653846153847,89.94,105.94,13,2,3,3,3.0,16.0
325.81652777777776,277.45,345.84,36,9,7,7,7.0,68.38999999999999
170.695,169.695,171.695,2,1,5,5,5.0,2.0
307.0175,306.08,307.955,2,1,7,7,7.0,1.875
370.51874999999995,367.51,372.715,4,2,7,7,7.0,5.204999999999984
145.36,144.44,146.28,2,1,4,4,4.0,1.8400000000000034
182.9,182.495,183.305,2,1,5,5,5.0,0.8100000000000023
266.59499999999997,265.29,267.555,5,1,6,6,6.0,2.2649999999999864
155.229375,153.135,157.83,8,3,4,4,4.0,4.695000000000022
98.84679775280898,85.895,115.275,178,30,3,3,3.0,29.38000000000001
226.07943493150688,213.345,261.24,292,37,6,6,6.0,47.89500000000001
337.0242523364486,278.175,360.215,107,23,7,7,7.0,82.03999999999996
491.73857142857145,491.685,491.785,7,1,8,8,8.0,0.10000000000002274
185.99,179.205,192.635,4,1,5,5,5.0,13.429999999999978
133.17,133.17,133.17,1,1,4,4,4.0,0.0
101.54283333333333,88.56,115.29,30,6,3,3,3.0,26.730000000000004
230.98725,216.11,267.55,80,11,6,6,6.0,51.44
328.25063829787234,277.445,356.735,94,9,7,7,7.0,79.29000000000002
432.58214285714286,388.605,465.815,7,1,8,8,8.0,77.20999999999998
711.15,708.92,713.38,2,1,9,9,9.0,4.460000000000036
391.365,390.62,392.11,2,1,8,8,8.0,1.490000000000009
403.605,402.61,404.6,2,1,8,8,8.0,1.990000000000009
676.8785714285714,673.975,681.95,7,3,9,9,9.0,7.975000000000023
372.5425,372.535,372.55,2,1,7,7,7.0,0.014999999999986358
194.71954545454545,190.935,197.5,11,3,5,5,5.0,6.564999999999998
456.63750000000005,455.985,457.29,2,2,8,8,8.0,1.3050000000000068
99.27390109890109,85.16,114.845,182,32,3,3,3.0,29.685000000000002
145.74818548387097,130.885,162.005,124,21,4,4,4.0,31.120000000000005
191.6490909090909,167.91,209.42,22,4,5,5,5.0,41.50999999999999
228.3125569358178,213.595,267.645,483,83,6,6,6.0,54.04999999999998
333.2292647058824,277.985,364.27,340,63,7,7,7.0,86.28499999999997
477.9934999999999,469.39,492.155,10,3,8,8,8.0,22.764999999999986
678.7993749999999,658.02,697.05,32,6,9,9,9.0,39.02999999999997
139.73333333333335,139.615,139.845,3,1,4,4,4.0,0.22999999999998977
250.82125,247.525,252.48,8,3,6,6,6.0,4.954999999999984
223.5,222.005,224.995,2,1,6,6,6.0,2.990000000000009
364.625,363.725,365.525,2,1,7,7,7.0,1.7999999999999545
240.02,239.645,240.395,2,1,6,6,6.0,0.75
172.91375,172.225,173.705,4,1,5,5,5.0,1.4800000000000182
289.654,288.56,291.18,5,1,7,7,7.0,2.6200000000000045
94.62249999999999,85.975,103.3,14,4,3,3,3.0,17.325000000000003
231.69349056603772,213.55,266.4,53,7,6,6,6.0,52.849999999999966
345.9321296296296,332.07,357.94,54,5,7,7,7.0,25.870000000000005
181.611,160.355,201.64,20,2,5,5,5.0,41.285
302.2375,300.545,303.975,8,1,7,7,7.0,3.430000000000007
711.1025,708.875,713.33,2,1,9,9,9.0,4.455000000000041
674.9675,673.97,675.965,2,1,9,9,9.0,1.9950000000000045
646.5492857142857,643.2,650.25,7,3,9,9,9.0,7.0499999999999545
330.87227272727273,326.995,333.0,11,7,7,7,7.0,6.0049999999999955
253.66863636363635,251.18,258.215,11,2,6,6,6.0,7.034999999999968
143.4534,128.55,156.505,25,4,4,4,4.0,27.954999999999984
87.183,85.195,92.505,10,5,3,3,3.0,7.310000000000002
105.2510294117647,97.195,115.27,34,8,3,3,3.0,18.075000000000003
230.18033057851238,213.345,269.12,121,27,6,6,6.0,55.775000000000006
349.0118181818182,337.035,362.865,55,15,7,7,7.0,25.829999999999984
673.8243333333334,657.86,693.875,15,5,9,9,9.0,36.014999999999986
487.28,276.015,624.725,16,4,7,9,8.25,348.71000000000004
662.385,662.385,662.385,1,1,9,9,9.0,0.0
399.746,395.035,404.195,10,4,8,8,8.0,9.159999999999968
455.59,452.885,457.81,3,2,8,8,8.0,4.925000000000011
707.0350000000001,706.205,707.865,2,2,9,9,9.0,1.6599999999999682
103.44737354085602,85.16,115.065,257,42,3,3,3.0,29.905
144.40173076923077,126.415,161.675,52,11,4,4,4.0,35.260000000000005
186.33166666666668,165.375,209.855,27,5,5,5,5.0,44.47999999999999
231.50954005934716,212.04,269.0,337,55,6,6,6.0,56.96000000000001
345.2277155172414,303.495,366.64,116,24,7,7,7.0,63.14499999999998
439.004347826087,407.125,491.095,46,8,8,8,8.0,83.97000000000003
685.1481818181818,673.105,691.685,11,5,9,9,9.0,18.579999999999927
317.84999999999997,313.58,319.92,7,2,7,7,7.0,6.340000000000032
291.616875,288.035,295.455,8,3,7,7,7.0,7.419999999999959
477.805,476.925,478.685,2,1,8,8,8.0,1.759999999999991
409.1125,408.175,410.05,2,1,8,8,8.0,1.875
429.68875,427.195,432.435,4,1,8,8,8.0,5.240000000000009
174.0375,173.1,174.975,2,1,5,5,5.0,1.875
299.02750000000003,296.415,301.64,4,1,7,7,7.0,5.224999999999966
465.6675,464.73,466.605,2,1,8,8,8.0,1.875
418.71250000000003,414.635,422.09,6,1,8,8,8.0,7.454999999999984
267.63958333333335,263.855,272.355,12,5,6,6,6.0,8.5
103.87467672413793,84.08,115.27,232,39,3,3,3.0,31.189999999999998
140.6663793103448,126.1,155.165,29,7,4,4,4.0,29.064999999999998
188.47333333333333,183.305,195.95,6,2,5,5,5.0,12.644999999999982
232.5566791044776,212.045,257.175,134,26,6,6,6.0,45.130000000000024
338.92575,279.51,368.145,100,15,7,7,7.0,88.63499999999999
670.265652173913,660.205,687.59,23,2,9,9,9.0,27.38499999999999
849.53125,840.495,860.45,4,1,10,10,10.0,19.95500000000004
139.055,139.055,139.055,1,1,4,4,4.0,0.0
92.55999999999999,84.505,113.315,28,4,3,3,3.0,28.810000000000002
179.81714285714287,170.79,184.615,7,2,5,5,5.0,13.825000000000017
229.88728571428572,212.675,273.27,175,28,6,6,6.0,60.59499999999997
325.011,278.18,355.835,75,10,7,7,7.0,77.65499999999997
719.111875,604.965,833.195,8,2,9,10,9.5,228.23000000000002
648.9375,648.0,649.875,2,1,9,9,9.0,1.875
442.855,442.035,443.675,2,1,8,8,8.0,1.6399999999999864
624.1475,620.965,626.915,4,1,9,9,9.0,5.949999999999932
846.985,844.275,849.695,4,1,10,10,10.0,5.420000000000073
173.71285714285713,169.8,177.83,7,4,5,5,5.0,8.030000000000001
437.72,437.635,437.805,2,1,8,8,8.0,0.17000000000001592
99.13514669926651,84.98,114.985,409,57,3,3,3.0,30.004999999999995
145.48136904761904,129.335,161.99,84,17,4,4,4.0,32.655
190.71457142857145,159.265,209.755,35,11,5,5,5.0,50.49000000000001
242.5127570093458,211.975,273.955,535,77,6,6,6.0,61.97999999999999
316.72818007662835,276.105,371.755,261,36,7,7,7.0,95.64999999999998
436.2142222222222,391.245,497.5,180,28,8,8,8.0,106.255
672.9159615384615,657.64,688.52,26,4,9,9,9.0,30.879999999999995
